Model,Accuracy,Precision (Fake),Recall (Fake),F1 (Fake),Support (Fake),Predicted Fake Rate
Branch A (RoBERTa),0.061224489795918366,1.0,0.061224489795918366,0.11538461538461539,49,0.061224489795918366
Hybrid Fusion,0.02040816326530612,1.0,0.02040816326530612,0.04,49,0.02040816326530612
